971.811.222.66,elaM,moc.dopirt@rrthginkdaorh,thginkdaoR,nilmaH,0001
08.401.312.991,elameF,moc.321oah@qrnevednatsa,nevednatS,aerdnA,999
351.922.23.781,elaM,ku.oc.semiteht@prenevelb,eneveL,groB,899
411.052.75.28,elameF,moc.acinhcetsra@orikswotugc,ikswotuG,eillaC,799
691.39.721.691,elaM,moc.sihtaij@nrnilnahp,nilnaH,noxaP,699
84.722.111.32,elaM,pj.en.nco@mrsretawa,sretaW,srednA,599
291.341.942.911,elaM,ur.ikinssalkondo@lrsenojs,senoJ,ybleS,499
531.431.96.222,elameF,moc.eralfduolc@krwoddadc,woddaD,essiralC,399
712.721.98.881,elameF,moc.cbnc@jrtterralc,tterraL,eikcihC,299
841.901.071.161,elameF,moc.vtm@irbmocknarfr,bmocknarF,nylsoR,199
7.12.52.08,elameF,moc.etirbtneve@hrrebrabe,rebraB,enitsenrE,099
8.74.521.481,elameF,ur.doran@grdranyml,dranyM,eniaruaL,989
9.02.47.751,elameF,moc.gnin@frreissemn,reisseM,asveN,889
38.822.612.371,elaM,ude.cuiu@erillellagt,illellaG,dnesnwoT,789
89.71.071.232,elaM,moc.ffider@drreggabh,reggaB,trebmuH,689
7.67.76.28,elameF,ur.liam@crtfarcyahd,tfarcyaH,eiffaD,589
59.552.281.951,elaM,moc.srewsna@brnehgiekcmt,nehgieKcM,ymmiT,489
912.301.41.532,elaM,moc.rugmi@arlevolb,levoL,ekoorB,389
3.251.412.14,elaM,moc.ecapserauqs@9reyellopa,eyelloP,asA,289
581.861.94.081,elameF,moc.allizom@8rttite,ttiT,nnirE,189
841.242.7.5,elaM,moc.obolg@7rnomladr,nomlaD,regiduR,089
812.6.791.92,elaM,moc.elbondnasenrab@6rnohtypc,nohtyP,ydoC,979
522.241.54.66,elaM,ua.vog.wsn@5rllennipr,llenniP,retsehcoR,879
701.77.19.401,reeuqredneG,vog.duh@4rvehcypilifh,vehcypiliF,yelraH,779
75.881.511.121,elameF,moc.etirbtneve@3relkcibs,elkciB,llirehS,679
302.43.942.45,elaM,pj.oc.elgoog@2rrekazrutsd,rekazrutS,dnaruD,579
251.012.771.502,elameF,moc.evitcellocograc@1rkcotsnis,kcotsnI,aliehS,479
722.231.65.37,diulfredneG,moc.ysgij@0rkciobj,kcioB,alleoJ,379
531.96.442.871,elameF,moc.eriflegna@zqnamdlevr,namdleV,ybboR,279
59.701.622.532,reeuqredneG,moc.renimaxe@yqyelsnraeys,yelsnraeY,milaS,179
071.96.39.741,elaM,moc.retnuoctats@xqnellahm,nellaH,suehttaM,079
76.581.03.571,elameF,moc.golten@wqydapa,ydaP,neraA,969
24.951.281.7,diulfredneG,moc.etirbtneve@vqnoldircj,noldirC,ynniJ,869
21.46.25.111,elameF,ude.cuiu@uqraesd,raeS,eeriseD,769
221.542.44.36,elaM,ur.tenretnievil@tqyesudt,yesuD,nanyT,669
432.081.422.442,rednegiB,ua.moc.elgoog@sqnosillebr,nosilleB,xeR,569
232.702.121.142,elameF,pj.en.oog@rqnokcidk,nokciD,yesaK,469
242.042.231.942,elaM,moc.pmacdnab@qqnairogirgo,nairogirG,nirrO,369
132.641.241.651,elaM,gro.aidemikiw@pqttemmirgg,ttemmirG,igroiG,269
191.691.04.922,elaM,moc.aerx@oqtoofgnilj,toofgniL,haidedeJ,169
241.91.431.25,elaM,gro.almooj@nqpaxorba,paxorB,suhplodA,069
381.941.022.851,elameF,moc.yliadecneics@mqdnenwotd,dnenwoT,aysaD,959
3.622.711.731,elaM,moc.margatsni@lqyedollemg,yedolleM,kereG,859
811.161.17.222,elaM,ku.oc.semiteht@kqfloowy,flooW,amuY,759
761.232.632.271,elameF,moc.swenyliadyn@jqsedaolp,sedaoL,yggeP,659
331.07.632.02,elaM,moc.oofuw@iqeltseke,eltseK,nyvE,559
432.002.932.941,elaM,moc.tatsynihs@hqmircj,mirC,ohceJ,459
8.651.44.501,elameF,moc.ocsic@gqhguordoowz,hguordooW,aeZ,359
851.602.11.41,elaM,moc.elbahsam@fqnihctsumm,nihctsuM,nywreM,259
871.911.58.99,elaM,moc.nus@eqnednommacsk,nednommacS,belaK,159
552.632.77.1,elaM,moc.ukuoy@dqrusteewse,rusteewS,niwdE,059
432.41.52.691,elaM,moc.kcoryks@cqskconnera,skconneR,nywlA,949
201.96.99.57,elameF,moc.ukuoy@bqlligdaerhtd,lligdaerhT,etteroD,849
822.452.322.29,rednegiB,moc.qci@aqsgnihctuhj,sgnihctuH,eyduJ,749
72.512.512.55,elaM,moc.tsactnauq@9qyerrebk,yerreB,noelK,649
881.69.98.632,elaM,moc.regnirps@8qnesnahojk,nesnahoJ,nailliK,549
591.661.912.971,elaM,moc.srewsna@7qenocsecnarfa,enocsecnarF,esorbmA,449
801.88.302.812,elaM,moc.yliadecneics@6qsidreg,sidrE,ybaG,349
55.54.551.0,elaM,ue.aporue@5qdnallohlumw,dnallohluM,edraW,249
671.202.102.432,elameF,vog.tod@4qtolmard,tolmaR,eilloD,149
552.89.452.271,elameF,moc.361@3qkriku,kriK,acirlU,049
36.602.542.8,elaM,moc.yawetagelbib@2qhtiesrofp,htiesroF,lavecreP,939
931.551.902.991,elaM,gro.ssorcder@1qhguocsk,hguocS,elaK,839
39.571.742.891,elaM,moc.moc@0qregroga,regroG,leirA,739
152.76.85.112,elaM,moc.edonbew@zpednobc,ednoB,hgierC,639
341.46.722.86,elameF,moc.erutan@ypwordoowd,wordooW,isaD,539
0.102.971.052,elameF,moc.gamyn@xpeigrahl,eigraH,nnyL,439
76.881.781.55,elaM,moc.tenauhnix@wpttewejp,tteweJ,sahcniP,339
471.01.74.742,elaM,moc.segapbuh@vpnoritd,noriT,silaD,239
631.422.381.68,elameF,moc.ybabdc@upllatsnutb,llatsnuT,ikceB,139
291.481.012.56,elameF,moc.cipynit@tpniffitm,niffiT,nyliraM,039
312.142.43.51,elaM,moc.gumgums@spllesnikd,llesniK,natsnuD,929
991.842.28.861,elaM,ur.elgoog@rpeidacamy,eidAcaM,rovY,829
302.822.4.332,elameF,moc.koobecaf@qpondragladh,ondraglaD,atteirraH,729
911.512.522.431,elameF,su.xt.etats@pptreborcmd,treboRcM,halileD,629
59.12.73.812,elameF,moc.rotagtsoh@ophguanavacr,hguanavaC,anibuR,529
831.72.321.941,elaM,moc.ksa@npnesmaharbaw,nesmaharbA,eilyW,429
11.061.112.331,elameF,moc.bdmi@mpinorrepm,inorreP,ynaleM,329
022.941.912.9,elaM,ku.shn@lpsrairbs,srairB,nosmaS,229
022.331.081.842,elameF,dg.si@kpnilpakc,nilpaK,eilsehC,129
65.432.781.642,elameF,moc.yfitops@jpiissunw,iissuN,woliW,029
112.87.56.342,elaM,ed.42thcer-e@ipdleifmurbc,dleifmurB,atsoC,919
251.85.97.791,elameF,moc.lruynit@hpronyara,ronyaR,tirvA,819
47.151.931.36,elaM,cc.ynit@gpedaemidobd,edaemidoB,ssalguoD,719
961.1.012.442,elaM,moc.ecapserauqs@fpredlefnesorj,redlefnesoR,eimmiJ,619
101.32.832.4,elameF,moc.yste@epegomedi,egomeD,ettevI,519
491.861.33.122,elameF,moc.ggid@dpynnobr,ynnoB,annaesoR,419
97.51.541.422,elaM,gro.ung@cpsyarr,syaR,noR,319
09.412.922.24,elaM,moc.tuoba@bpkcinnihct,kcinnihC,ecnerroT,219
252.632.61.76,elaM,ude.alcu@apeksruhtp,eksruhT,lavicreP,119
481.281.76.451,elameF,pj.en.arukas@9pebmokcadm,ebmokcaD,yggeM,019
99.622.342.071,elaM,moc.suoiciled@8pmosttelc,mostteL,emsoC,909
401.121.031.712,elaM,moc.rettiwt@7pdnaltaewsa,dnaltaewS,navlA,809
89.08.691.611,elameF,moc.xobpord@6pgniwderv,gniwdeR,ikkiV,709
301.98.971.181,elaM,ten.ecnaheb@5pehcsteidc,ehcsteiD,dnalevelC,609
511.102.231.89,elaM,ku.ca.mac@4pyelfucy,yelfuC,yecnaY,509
621.011.86.44,elameF,moc.eriwbs@3pereehsa,ereehS,emiA,409
86.22.112.23,elameF,ten.lruf@2phcorkc,hcorK,eliceC,309
671.681.72.112,elaM,moc.deefzzub@1pyesoogb,yesooG,edraB,209
551.521.98.942,reeuqredneG,ku.vog@0pkciddusm,kcidduS,aneraM,109
111.37.642.93,elaM,moc.tenc@zollienn,llieN,noelopaN,009
67.342.731.18,elameF,moc.yadotasu@yoretskaba,retskaB,esillanA,998
712.611.421.25,elaM,ku.oc.nozama@xoyrbuag,yrbuA,vatsuG,898
932.41.151.62,elaM,moc.ttoirram@woytsidrahl,ytsidraH,sacuL,798
212.151.12.571,elameF,moc.suoiciled@voeikrameladsaetc,eikraM-eladsaeT,naimrahC,698
77.44.831.261,rednegA,moc.yeliw@uolaebyarga,laebyarG,enehtA,598
49.242.032.31,elameF,pj.meguj@toenoicecnarfb,enoicecnarF,eniboB,498
532.161.19.85,elameF,moc.ynapmoctsaf@soharuacp,haruaC,ecirtaP,398
71.82.621.922,elameF,moc.361@roegdirbmiwc,egdirbmiW,annahC,298
211.491.441.201,elameF,ku.oc.yabe@qoytraerbcmb,ytraerBcM,yrreB,198
61.241.761.87,elameF,moc.tramlaw@poenrobsod,enrobsO,eibbeD,098
211.061.84.011,elaM,moc.slanruojzib@oomahredt,mahreD,sedaT,988
29.241.101.38,elaM,ten.aasees@nolanipsed,lanipsE,durD,888
922.422.44.33,elaM,moc.eboda@moenretsorb,enretsoR,terraB,788
53.341.632.531,elameF,moc.otohpkcotsi@lonotnilpawd,notnilpaW,eisurD,688
92.081.601.14,elameF,gro.evihcra@kopllihpa,pllihP,analA,588
751.68.13.95,elaM,moc.aikiw@joetagnirpsl,etagnirpS,tneruaL,488
8.622.24.901,elaM,moc.pley@ionahcemcmd,nahceMcM,noiD,388
32.45.542.332,elaM,moc.golb-revo@honedkalbz,nedkalB,gileZ,288
42.741.291.551,yranib-noN,moc.slellarap@gosuoklafj,suoklaF,eiluJ,188
1.9.41.502,elameF,vog.susnec@fohguorbsednwols,hguorbsednwoL,hgalehS,088
522.66.941.821,elaM,gro.fecinu@eosreggavh,sreggaV,hguH,978
84.842.212.441,elaM,moc.daetsemoh@dohcirennegc,hcirenneG,eilrahC,878
79.391.781.822,elameF,moc.gnefi@coinolaffotd,inolaffoT,akinaD,778
201.811.002.281,elameF,dg.si@bomortsvolg,mortsvoL,ettenraG,678
96.5.002.25,elameF,moc.retemetis@aoyelbmikb,yelbmiK,ynattirB,578
44.13.17.09,elameF,ten.knilhtrae@9oelruots,elruoT,rratS,478
93.8.311.19,elaM,oi.nep@8ouorohpotsirhcapapr,uorohpotsirhcapaP,floR,378
381.241.512.12,elaM,moc.enivswen@7onezid,nezI,eddivaD,278
681.78.41.931,elameF,moc.yeliw@6ollescutl,llescuT,assyL,178
63.341.201.84,elameF,ten.knilhtrae@5oetforcsam,etforcsA,sirraM,078
771.341.641.152,diulfredneG,moc.rugmi@4oegdadc,egdaD,ssiroC,968
41.222.291.19,elaM,moc.letni@3ollewnrabb,llewnraB,martreB,868
97.631.931.252,elameF,pj.en.noid@2ohcsobnednavk,hcsoB ned naV,ooK,768
552.77.68.01,elameF,moc.swencbn@1oocinima,ociniM,adrA,668
8.32.152.89,yranib-noN,ten.lruf@0oepaerp,epaeR,lihP,568
122.441.321.8,rednegiB,moc.tenauhnix@znreyenemn,reyeneM,ellohciN,468
231.661.011.111,elameF,ku.oc.enilnosemit@ynginiehc,ginieH,lebatsirhC,368
25.032.9.88,elameF,gro.sserpdrow@xnolyath,olyaT,yelaH,268
551.741.361.841,rednegiB,moc.emansihteriuqca@wninoicsnarfg,inoicsnarF,trebliuG,168
612.571.931.72,elameF,moc.retemetis@vnllisj,lliS,iuqcaJ,068
552.912.222.03,elameF,moc.tsimonoce@unttibbetd,ttibbeT,ennoveD,958
312.401.281.212,elaM,ude.tim@tnttelbmabm,ttelbmaB,nyvryM,858
49.151.612.31,elaM,moc.yldneirftnirp@snnrobywk,nrobyW,ybriK,758
86.032.971.781,elaM,moc.ababila@rnnosit,nosI,suvarT,658
731.801.542.94,elaM,ac.elgoog@qnnyffudc,nyffuD,ynroC,558
031.87.011.0,elameF,ude.nmu@pntlessopl,tlessoP,yzziL,458
31.341.211.491,elaM,zc.tsilpot@onnerrubo,nerruB,ydO,358
871.66.88.68,elameF,moc.naidraugeht@nnrevenem,revenE,ehtraM,258
732.6.681.001,elaM,pj.en.ebolgib@mneladegnigd,eladegniG,drawruD,158
22.99.82.971,yranib-noN,moc.tnirpatsiv@lnnossdrakcira,nossdrakciR,ailiruA,058
26.881.111.61,elaM,gro.todhsals@knnotyobt,notyoB,samoT,948
112.371.422.3,elaM,gro.ung@jnhcabnerhafk,hcabnerhaF,daarneoK,848
832.54.29.441,elameF,moc.siaple@inelbbikm,elbbiK,eitraM,748
96.86.691.83,elaM,moc.sretuer@hneneihce,eneihC,nyvlE,648
181.66.101.381,elameF,ur.liam@gnevilca,evilC,ainoloppA,548
751.842.042.222,elameF,moc.odomzig@fnriadahcucama,riadahcUcaM,edialedA,448
58.4.322.031,elameF,pj.meguj@enlizarbb,lizarB,ecinreB,348
931.811.021.732,elaM,moc.hctawtekram@dnselgnihsm,selgnihS,hsraM,248
991.92.46.431,elameF,moc.tekramniamod@cnselacsn,selacS,nylleoN,148
64.022.061.761,elameF,gro.todhsals@bnsobnroodc,sobnrooD,alemraC,048
73.261.541.07,elaM,oc.t@ansnravt,snraV,roverT,938
621.82.01.23,elameF,moc.aidemorcam@9nnotelrubm,notelruB,alliriM,838
001.24.932.61,elaM,moc.tceridecneics@8neisrama,eisraM,nalrA,738
712.791.35.42,elameF,lp.emoh@7ntenomujm,tenomuJ,ydoleM,638
701.84.622.62,elaM,moc.jsw@6nnilekawb,nilekaW,nraB,538
731.012.65.342,reeuqredneG,moc.erutan@5nlmeth,lmeT,irneH,438
131.441.35.061,elameF,ln.elgoog@4nyrebbilch,yrebbilC,idieH,338
321.45.561.991,elameF,moc.slanruojzib@3nrepmasa,repmaS,eiramannA,238
512.631.391.502,elameF,moc.renimaxe@2newohneergp,ewohneerG,ardehP,138
16.811.9.591,elameF,moc.citnaltaeht@1nnimircd,nimirC,eciloroD,038
832.76.391.511,elameF,ti.ellaigenigap@0nenojk,enoJ,eznatsnoK,928
421.542.322.941,elameF,ur.liam@zmmalaet,malaE,eidurT,828
171.981.17.902,elameF,ten.aasees@ymresserde,resserD,nnyllE,728
25.08.991.59,elaM,moc.lanruojevil@xmnilbmahd,nilbmaH,reD,628
8.321.612.022,elaM,ude.sionilli@wmelbatxuhi,elbatxuH,oginI,528
18.001.38.54,elameF,moc.ghi@vmseywahk,seywaH,eeraK,428
242.01.251.99,elameF,pj.oc.netukar@umlenirhcsz,lenirhcS,haraZ,328
43.121.31.251,elaM,ku.vog@tmmalehcv,malehC,niV,228
25.92.252.512,elaM,ten.zucsid@smllantudv,llantuD,ytnecniV,128
15.352.701.661,elaM,ude.anozira@rmyesaetc,yesaeT,sahC,028
86.431.051.87,elaM,em.tuoba@qmpureano,pureaN,eibO,918
942.43.011.191,elameF,ku.oc.hpargelet@pmrevedc,reveD,yslehC,818
99.301.62.21,elameF,ed.nozama@omyrubnatsm,yrubnatS,alecraM,718
902.421.002.03,elaM,vog.duh@nmlwohsn,lwohS,slohciN,618
68.11.202.071,rednegiB,gro.gnisitrevdakrowten@mmgniseipb,gniseiP,ynraB,518
531.811.321.502,elaM,gro.atsivretla@lmhgonodcamb,hgonoDcaM,tterB,418
18.75.99.63,elameF,gro.ssorcder@kmnedmale,nedmaL,ronilE,318
222.261.22.9,elaM,moc.361@jmnosrevedp,nosreV ed,notserP,218
51.431.352.54,elaM,moc.kv@imegditamraf,egditamrA,relwoF,118
442.8.67.44,elaM,moc.otohpkcotsi@hmyelyargb,yelyarG,ykcuB,018
38.432.252.491,elaM,moc.rotanibmocy@gmllaxoym,llaxoY,nosidaM,908
232.032.632.002,elaM,moc.keewssenisub@fmleznerfm,;leznerF,sesoM,808
591.091.33.63,elaM,moc.yeknomyevrus@emllaxorcg,llaxorC,niwraG,708
461.17.01.391,elameF,moc.iktof@dmsalwoce,salwoC,eislE,608
102.391.411.05,elaM,ur.ikinssalkondo@cmnostelc,nosteL,noelC,508
671.07.221.3,elaM,pj.seiticoeg@bmniamertb,niamerT,noryB,408
742.441.301.351,elaM,vog.esuoh@amdlefretsibz,dlefretsiB,hcaZ,308
512.441.711.381,elaM,moc.sserpdrow@9mttartpyls,ttartpyL,salyS,208
102.501.302.902,elaM,moc.lqsym@8mllihrevracs,llihrevraC,sorvatS,108
71.611.422.37,rednegA,moc.rotagtsoh@7mytnuhaledc,ytnuhaleD,latnahC,008
87.78.241.11,elameF,moc.etagfs@6msuknicramt,suknicraM,asereT,997
532.07.241.94,elameF,gro.3w@5mselworpsm,selworpS,anraM,897
351.42.422.47,elaM,vog.ctf@4mregniliert,regnilieR,enyamerT,797
291.501.59.73,elameF,moc.pley@3mdleifrebahd,dleifrebaH,aniD,697
51.99.201.21,elaM,moc.derahs4@2mekciluks,ekciluK,walsinatS,597
041.531.122.45,elaM,moc.enigneonorhc@1mssurtn,ssurT,eikciN,497
421.05.902.181,elameF,moc.tsilknilb@0mkriugcmc,kriuGcM,akleC,397
611.86.45.431,elameF,vog.hin@zlannegertl,annegerT,niaroL,297
452.581.932.471,elameF,moc.ecnerefer@yltsiuqllatd,tsiuqllaT,ennaeD,197
281.532.881.491,elameF,ude.alcu@xlllewallahd,llewallaH,eecraD,097
71.181.681.39,elameF,moc.semital@wlisinoidh,isinoiD,anaH,987
37.681.511.322,elaM,moc.yliadecneics@vlnnihpf,nnihP,oppiliF,887
012.44.251.941,elameF,moc.sebivten@ulsyohv,syoH,ikiV,787
51.77.411.57,elameF,uv.ed@tltrehplon,trehplO,attenniN,687
14.0.58.981,elaM,oc.t@slgnimucb,gnimuC,otineB,587
3.24.511.92,elameF,moc.renrubdeef@rlesojv,esoJ,eyrelaV,487
842.441.591.742,elaM,moc.slanruojzib@qlnotgnidaehi,notgnidaeH,learsI,387
422.78.461.861,elaM,moc.epacsten@plyelrettubp,yelrettuB,tegdaP,287
95.332.171.521,elameF,moc.ukuoy@olkcirdedv,kcirdeD,arelaV,187
202.241.99.822,elameF,pj.en.nco@nlecinw,eciN,ettelliW,087
202.75.53.84,elameF,moc.segapwolley@mlhtepsduhb,htepsduH,eibboB,977
471.741.851.58,elaM,ude.hcimu@llresaeck,resaeC,nalraK,877
34.802.51.511,elaM,moc.ecapsym@klrevluhse,revluhS,nebE,777
331.711.221.012,elameF,moc.blm@jlsnarrafl,snarraF,alleoL,677
671.541.702.102,rednegyloP,vog.av@ilrratsb,rratS,tigriB,577
551.2.831.2,elaM,moc.itaronhcet@hlsdnuobw,sdnuoB,etiaW,477
441.241.71.052,elaM,ten.knilhtrae@glrevyugk,revyuG,yrreK,377
76.08.22.361,elameF,moc.deriw@flyrellimr,yrelliM,ataneR,277
602.5.711.451,rednegA,moc.yldneirftnirp@elarika,ariK,ttobbA,177
1.951.302.45,rednegiB,gro.ung@dldrofsirreby,drofsirreB,neemsaY,077
74.121.77.932,elameF,pj.en.ebolgib@clsuigroegd,suigroeG,seroloD,967
93.76.701.522,elameF,moc.ecapsym@blresabg,resaB,ennaireG,867
061.391.251.632,elameF,moc.tenauhnix@aliksweinzsiwn,iksweinzsiW,ecinaN,767
771.46.75.86,elameF,ude.usm@9lubukk,ubuK,ytteK,667
702.77.011.591,elameF,moc.321oah@8lkesartepe,kesarteP,neelE,567
35.051.742.96,elaM,gro.gpmg@7lekhcsamodr,ekhcsamoD,bboR,467
931.532.24.002,elaM,moc.mbi@6lbmochtuosu,bmochtuoS,kcirlU,367
931.961.69.671,elaM,moc.yeliw@5lnellikm,nelliK,royaM,267
04.81.802.281,elaM,moc.yfitops@4leitsnal,eitsnA,ocivoduL,167
822.201.23.43,yranib-noN,ude.usm@3llednhuke,lednhuK,elimiE,067
431.942.501.67,elaM,moc.yeknomyevrus@2lsadnejd,sadneJ,eraD,957
751.322.511.191,elaM,moc.buhtig@1lyelsnotn,yelsnoT,rotseN,857
932.001.2.222,reeuqredneG,moc.rettiwt@0lnamyerhplapa,namyerhplaP,niwdlA,757
64.252.101.951,elaM,moc.avaj@zkdraddutsf,draddutS,dyolF,657
511.401.191.041,elaM,nc.vog.naiebtiim@ykrotsape,rotsaP,rezenebE,557
021.46.051.261,elaM,moc.udiab@xknaffetsp,naffetS,ecnirP,457
161.102.271.932,elaM,ude.cuiu@wkrelsiehr,relsieH,trepuR,357
51.42.63.3,elaM,oi.nep@vkittinr,ittiN,amoR,257
54.352.91.28,elaM,ur.elgoog@ukdrapsage,drapsaG,timmE,157
13.721.02.24,elaM,moc.361@tkkcirtsiart,kcirtsiaR,verT,057
951.322.871.622,elaM,moc.dmbew@skllahtaws,llahtaW,niwrehS,947
571.05.25.352,elaM,ude.anozira@rktonemise,tonemiS,sardsE,847
34.501.232.07,elameF,moc.siaple@qkyrtwodd,yrtwoD,allenaD,747
432.731.77.712,diulfredneG,ku.oc.enilnosemit@pknednekale,nednekaL,eletsE,647
1.211.08.31,elameF,gro.atsivretla@okttassie,ttassI,ilimE,547
79.801.111.501,elameF,ten.8a@nkrebliwb,rebliW,eerB,447
432.232.27.301,elaM,moc.tcatnoctnatsnoc@mkyedromd,yedroM,irtemeD,347
05.44.911.311,elaM,ku.ca.mac@lkirdnassae,irdnassA,sonE,247
371.331.741.93,elaM,moc.elasaerahs@kkllewdnumm,llewdnuM,notroM,147
95.461.091.69,elameF,hc.nimda@jkleesl,leeS,anevaL,047
89.842.881.612,elameF,moc.rosivdapirt@iktralliborg,tralliboR,aineG,937
822.72.261.94,elameF,moc.ybabdc@hkoottatm,oottaT,uolyraM,837
58.84.901.291,elaM,moc.ogiid@gkniudrevt,niudreV,yddoT,737
69.891.77.04,elaM,moc.aikiw@fkyelknalbe,yelknalB,drawE,637
802.15.691.51,elameF,ten.zucsid@ekdraynerb,drayneR,ysteB,537
891.132.99.712,elaM,moc.swenyliadyn@dksdope,sdoP,drahrE,437
032.191.171.542,elameF,ude.is@cknagnilch,nagnilC,atteirneH,337
46.891.91.131,elaM,moc.selcitraenize@bkittoerdnau,ittoerdnA,onabrU,237
351.332.322.021,diulfredneG,hc.nimda@akwodelgnid,wodelgnI,ennaiD,137
231.091.312.87,elameF,vog.cdc@9ksreyrbk,sreyrB,anirahtaK,037
091.341.41.71,elaM,cc.ynit@8ksdluac,sdluA,tnilC,927
412.322.291.15,elaM,moc.swanozama@7kdoelcame,doeLcaM,sinnE,827
461.53.402.701,elameF,moc.swensbc@6krerozk,reroZ,aludroK,727
5.252.97.86,elaM,vog.hin@5kengrobelg,engrobeL,ratnuG,627
011.902.551.722,yranib-noN,moc.ulul@4kllitramr,llitraM,ekraoR,527
931.121.101.0,elaM,moc.koobwolley@3kehcuodj,ehcuoD,nusaJ,427
961.91.401.1,elaM,ude.elay@2kkcocelap,kcocelA,eiluaP,327
75.061.401.602,elameF,ku.oc.enilnosemit@1kinorogirgz,inorogirG,atiZ,227
96.601.311.541,elaM,pj.en.arukas@0kmmisa,mmiS,nialA,127
432.901.5.731,elameF,moc.xobpord@zjegialcr,egialC,adnomoR,027
49.671.15.822,elaM,moc.tfosorcim@yjdrofogg,drofoG,niwdoG,917
23.161.561.302,elameF,moc.2cf@xjnedlieff,nedlieF,annaiF,817
542.071.922.811,elaM,rf.elgoog@wjyddev,yddE,ligreV,717
221.46.441.41,elameF,moc.eralfduolc@vjnarrakd,narraK,inimoD,617
09.81.91.021,elaM,moc.etagfs@ujyelreppam,yelreppA,enyaM,517
11.251.112.4,elameF,su.xt.etats@tjmahloowm,mahlooW,eilleM,417
44.071.75.032,elaM,moc.wohe@sjaloipm,aloiP,llewxaM,317
542.33.361.43,rednegiB,moc.allizom@rjnotlahd,notlaH,ramgaD,217
04.821.241.061,elaM,pj.meguj@qjhsuhe,hsuH,derlehtE,117
111.252.78.321,elaM,moc.topsgolb@pjyeniahcc,yeniahC,noelC,017
97.23.63.42,elaM,moc.redisnissenisub@ojmahgnillifg,mahgnilliF,nivraG,907
871.171.742.002,elaM,moc.tf@njretsylm,retsyL,reyaM,807
432.222.12.591,elaM,moc.elppa@mjeelewopm,eelewoP,tliM,707
61.942.822.291,elaM,tni.ohw@ljgnilfliwr,gnilfliW,yekcoR,607
54.642.252.501,elameF,moc.golten@kjkcinrocd,kcinroC,isaD,507
321.6.21.99,elameF,ude.drofnats@jjenretb,enreT,ynneB,407
79.602.341.112,elameF,moc.yrevocsid@ijtanodl,tanoD,yecaL,307
432.131.542.822,elaM,gro.ssorcder@hjnessnahojg,nessnahoJ,lliG,207
67.711.742.84,elaM,moc.noitanbrever@gjnedgofs,nedgoF,milaS,107
39.621.731.252,elameF,ur.relbmar@fjnaggercn,naggerC,aydaN,007
14.9.01.131,elameF,moc.evitcellocograc@ejyrubreyr,yrubreY,ixoR,996
791.59.89.34,elameF,ua.moc.elgoog@djnosnomdel,nosnomdE,airoL,896
97.281.051.531,elaM,moc.semehttnagele@cjdrofecnops,drofecnoP,eykS,796
291.06.98.041,elameF,gro.ssorcder@bjyveelas,yveelA,alibyS,696
551.911.95.561,elaM,pj.oc.keesofni@ajetikr,etiK,ekruoR,596
231.761.811.511,elaM,ur.elgoog@9jrezarfm,rezarF,troM,496
581.93.9.211,yranib-noN,ten.lenapc@8jsebelkd,sebelK,eicraD,396
331.911.112.041,elaM,moc.sgolb@7jigiolat,igiolA,yennaT,296
59.822.59.5,elameF,oi.buhtig@6jretuolcl,retuolC,eruaL,196
361.01.352.63,elameF,ten.erahsedils@5jrekcocp,rekcoC,ateP,096
271.361.481.31,elameF,moc.sniamodeguh@4jneewtj,neewT,yesoJ,986
95.641.5.57,elameF,gro.sserpdrow@3jeyninyela,eyninyeL,nadiA,886
502.01.52.471,elaM,pj.tsopnapaj@2jllantrudh,llantruD,eilliH,786
071.981.711.09,elaM,moc.sserpdrow@1jyelilp,yeliL,kraP,686
502.88.421.402,elaM,moc.sserpefac@0jyelsnraeyr,yelsnraeY,boR,586
4.421.611.212,elameF,nc.vog.naiebtiim@zillecrupw,llecruP,eidneW,486
34.301.5.561,elaM,moc.dmbew@yiybsianr,ybsiaN,llednaR,386
67.012.26.561,elaM,gro.gnisitrevdakrowten@xisnuarbc,snuarB,hgierC,286
09.671.26.57,elaM,moc.syadsuoiciled@winotgnirnnepa,notgnirnneP,dnamrA,186
26.771.231.43,elameF,ude.hcimu@vihgargcms,hgarGcM,eihpoS,086
802.771.052.221,elaM,ku.vog@uitnamorfw,tnamorF,dnalyaW,976
801.222.571.591,elaM,gro.snommocevitaerc@tiegnirwc,egnirW,lraC,876
42.12.352.512,elameF,moc.retratskcik@sinodleksa,nodlekS,enylrA,776
39.86.232.86,diulfredneG,moc.elbondnasenrab@ridetaergr,detaerG,allesoR,676
571.241.411.18,elaM,gro.aidemikiw@qilirrubm,lirruB,derfnaM,576
4.61.15.441,elaM,vog.etats@piyksvokztib,yksvokztI,wemolohtaB,476
112.552.05.402,elaM,ur.etkatnokv@oietaglefr,etagleF,yoR,376
22.931.642.83,elaM,moc.kcoryks@nikidneba,kidneB,eibA,276
12.87.52.21,elaM,ku.oc.liamyliad@minottoobo,nottooB,enruobsO,176
761.91.201.35,elameF,moc.yfirots@linarellohg,narelloH,aicarG,076
041.902.84.181,elameF,moc.cinilcoyam@kiizzesabm,izzesaB,edlitiaM,966
741.251.351.091,rednegiB,pj.orp-pohs@jiocinimw,ociniM,nalyaW,866
211.491.0.63,rednegA,vog.cdc@iitaochtuosd,taochtuoS,ffuD,766
261.321.441.291,elaM,gro.atsivretla@hiffubf,ffuB,eelraF,666
152.302.771.43,elaM,dg.si@ginosycl,nosyC,sneroL,566
9.202.66.991,elameF,gro.nu@fidravleba,dravleB,atsuguA,466
301.691.461.901,elameF,ku.vog@eiyelxeyl,yelxeY,aleL,366
811.412.22.841,elaM,moc.yddadog@ditarrasams,tarrasaM,eniahS,266
83.841.21.212,elameF,vog.adsu@cieladnissadt,eladnissaD,ymmoT,166
66.702.512.78,elaM,ku.oc.semiteht@bitellide,telliD,dragdE,066
671.351.11.611,elaM,pj.oc.elgoog@ainuorbf,nuorB,sirraF,956
032.67.12.92,elaM,moc.eganam-tsil@9iyvapa,yvaP,elotanA,856
651.031.712.941,elaM,moc.snoituloskrowten@8iolleirtepn,olleirteP,ikkiN,756
261.22.822.43,elaM,moc.socyl@7ielgnark,elgnaR,ybleeK,656
9.63.69.61,elaM,moc.llamt@6ikezurh,kezuR,llewraH,556
841.09.441.112,elameF,moc.tenauhnix@5illekrouqcmi,llekrouQcM,senI,456
09.1.501.03,elaM,moc.swensu@4ithcapd,thcaP,hploD,356
65.85.96.48,elameF,ku.oc.semiteht@3ienahinimk,enahiniM,airaK,256
881.0.56.651,elameF,moc.bewrp@2illiwtad,lliwtA,eneroD,156
861.14.201.9,elaM,ua.vog.wsn@1issanobn,ssanoB,paN,056
97.491.401.411,elaM,moc.dnuorgrednuw@0ikcinnihce,kcinnihC,trahrE,946
731.341.052.09,elameF,rf.elgoog@zhtnerroto,tnerroT,eilehpO,846
312.412.891.65,elaM,moc.puteem@yhhcimohkr,hcimohK,nuyR,746
901.86.101.841,elameF,gro.ehcapa@xhtsovuerpg,tsovuerP,ennaegroeG,646
99.531.021.341,elaM,vog.asu@whnotfogi,notfoG,kaasI,546
48.63.571.522,elameF,ue.aporue@vhtnuagn,tnuaG,inoN,446
81.341.73.391,elaM,moc.koobwolley@uhyllerretcmo,yllerreTcM,notrO,346
451.571.48.16,elaM,pj.orp-pohs@thekdnahv,ekdnaH,naV,246
732.15.39.29,yranib-noN,moc.edonbew@shnossikcihb,nossikciH,wemolohtraB,146
091.661.141.81,elameF,moc.ngisednogad@rhniwelt,niweL,eimmoT,046
73.18.4.181,rednegiB,moc.ubih@qhyelrikc,yelriK,enileC,936
94.26.651.061,elaM,moc.tenauhnix@phnitaynavj,nitaynaV,haidideJ,836
731.932.591.161,elaM,moc.sebivten@ohdoogwaho,doogwaH,oreivilO,736
89.57.942.041,elaM,moc.tf@nhnamwolw,namwoL,ylliW,636
43.221.691.321,elaM,moc.ecapsym@mheekannamb,eekannaM,naveB,536
181.791.68.151,elaM,pj.i2i@lhnosecnerwalp,nosecnerwaL,ohcnaP,436
82.151.34.571,elameF,moc.tsoheulb@khssevisj,sseviS,einnaeJ,336
86.65.94.671,elaM,moc.rotinomsc@jhnosmohtk,nosmohT,silraK,236
802.891.88.58,elameF,pj.en.arukas@ihasonedracm,asonedraC,eteragraM,136
501.642.032.81,elameF,moc.tceridecneics@hhllarehtaewc,llarehtaeW,eerraC,036
33.54.181.121,elaM,cc.ynit@ghittuinotnal,ittuinotnA,leoniL,926
3.051.902.422,elaM,moc.segapbuh@fhcivonavojv,civonavoJ,silisaV,826
88.811.261.741,elameF,moc.citnaltaeht@ehfokazik,fokazI,ytsirK,726
421.91.632.332,rednegA,moc.yeliw@dhyelmarbf,yelmarB,nomeerF,626
732.98.81.181,rednegA,moc.statsih@chittoicg,ittoiC,selliG,526
57.771.771.97,reeuqredneG,moc.oodiuqs@bhtteyurbd,tteyurB,novanoD,426
912.212.45.51,elameF,ur.xednay@ahnehguaccma,nehguaC cM,ettennA,326
61.552.291.151,elaM,moc.tnirpatsiv@9henruobdarc,enruobdaR,sirhC,226
351.481.4.241,elameF,moc.emansihteriuqca@8hyenaehm,yenaeH,acitraM,126
202.121.781.602,elameF,moc.semitaidni@7hevihalj,evihaL,iloJ,026
291.532.38.131,elameF,gro.ehcapa@6hdnalrage,dnalraG,lyhtE,916
47.031.891.481,elaM,moc.nnc@5hkciwleke,kciwleK,toillE,816
081.99.002.291,elaM,moc.sebivten@4hnedlobt,nedloB,nnaT,716
941.702.36.07,elaM,moc.tegdagne@3hepmahcg,epmahC,oiluiG,616
832.922.441.0,elaM,moc.tekramniamod@2hnrobahb,nrobaH,ylliB,516
741.031.99.071,elaM,moc.ecnerefer@1hyawdaerta,yawdaerT,yerdnA,416
871.832.301.811,elameF,moc.elbondnasenrab@0hrehnade,rehnaD,allE,316
502.481.031.322,elaM,moc.sserpefac@zgtniamorp,tniamoR,llenraP,216
6.701.66.242,elaM,moc.suoiciled@ygsrevlisg,srevliS,olleirbaG,116
75.73.622.711,elameF,moc.wohe@xgkcocdlabs,kcocdlaB,eerehS,016
402.03.442.681,elameF,ti.atticottut@wglliwkcory,lliwkcoR,ehtnaloY,906
251.81.971.161,elameF,gro.gnisitrevdakrowten@vgrebmuhm,rebmuH,imiM,806
522.971.202.091,elaM,gro.tsilsgiarc@ughtrifydnasp,htrifydnaS,ecitnerP,706
53.35.45.221,elameF,moc.axela@tgtozalabd,tozalaB,yhtoroD,606
502.231.981.84,elameF,moc.erifaidem@sgsnikcidm,snikciD,eelarreM,506
611.622.971.46,elameF,ku.oc.naidraug@rgzciweisezrgb,zciweisezrG,yrreB,406
232.931.611.6,elaM,moc.tfosorcim@qgoknepissor,oknepissO,ddeR,306
932.322.86.391,elaM,ude.llenroc@pgeguhj,eguH,nahtanoJ,206
922.37.271.81,elameF,pj.en.nco@ogniatsa,niatS,eroruA,106
341.88.052.971,yranib-noN,moc.eriflegna@ngdrofnekaos,drofnekaO,nehpetS,006
061.502.47.27,elameF,moc.lled@mgotnazst,otnazS,annerT,995
69.1.271.54,elaM,moc.elppa@lgllewssogv,llewssoG,lehcaV,895
531.452.66.861,diulfredneG,moc.tuoba@kgnikhsuylij,nikhsuylI,annahoJ,795
52.52.971.38,elaM,moc.rehtaew@jgselppawh,selppaW,dammaH,695
701.881.501.44,elaM,vog.amef@igenruoblikg,enruobliK,tterraG,595
54.051.411.29,elaM,moc.loa@hgnoillubg,noilluB,kirraG,495
481.422.41.701,elameF,zc.tsilpot@ggeguhl,eguH,yssiL,395
702.59.03.701,elameF,moc.bdmi@fgeeleswohb,eeleswoH,atreB,295
331.651.71.152,elameF,moc.swensu@egemmohlr,emmoH'L,anigeR,195
25.302.932.291,elameF,dg.si@dgdnamredcamh,dnamreDcaM,addeH,095
422.5.312.342,elaM,vog.esuoh@cgtairbt,tairB,dlobeiT,985
342.15.29.132,elameF,moc.ocsic@bghcivorohyrm,hcivorohyR,atitraM,885
902.441.8.091,elaM,moc.semital@agyebsikh,yebsiK,eimreH,785
222.302.202.47,elameF,moc.uogos@9gegdirbwartsg,egdirbwartS,eitsuG,685
821.64.15.47,elaM,ude.cuiu@8genagnumi,enagnuM,margnI,585
901.891.35.801,elameF,moc.emuloverup@7genrubbsife,enrubbsiF,anerE,485
291.01.701.722,elameF,gro.bbb@6getoocn,etooC,imaoN,385
322.831.23.352,diulfredneG,moc.oaboat@5gyebrabr,yebraB,odnumiaR,285
902.461.901.301,diulfredneG,ude.ainigriv@4grenhtnegp,renhtneG,aizirtaP,185
761.781.552.031,elaM,ua.vog.ycavirp@3gceimadar,ceimadA,drahnieR,085
441.55.05.14,elaM,moc.ciptiwt@2gbbebb,bbeB,rruB,975
561.16.41.961,elaM,rf.elgoog@1gttemlliwc,ttemlliW,eralC,875
911.86.03.141,elaM,moc.avaj@0gdlawnhukg,dlawnhuK,odlariG,775
332.991.59.59,elameF,moc.ytfin-golococ@zfyeromb,yeroM,ebboB,675
422.441.531.09,elameF,ur.liam@yfnongide,nongiD,enilemmE,575
751.411.77.911,elaM,moc.sihtdda@xftnomorfd,tnomorF,onaleD,475
861.561.39.42,elaM,se.elgoog@wfttikcolf,ttikcoL,odnanreF,375
47.071.19.171,elaM,moc.sniamodeguh@vfnanesilge,nanesilG,sumsarE,275
061.06.23.922,elameF,moc.emuloverup@ufllebmullocs,llebmulloC,ahcsaS,175
061.771.551.391,elaM,moc.yeknomyevrus@tfselwopg,selwoP,yffiG,075
341.821.922.411,elameF,ude.elay@sfegdralb,egdraL,adigirB,965
14.112.84.442,elaM,moc.dopirt@rfegnargt,egnarG,hctahT,865
141.351.832.011,elameF,vog.esuohetihw@qfylthgilogg,ylthgiloG,aneG,765
791.89.181.622,elameF,moc.pmacdnab@pfnotaess,notaeS,enlahS,665
161.581.29.39,elaM,moc.sserpoiduts@ofyawhgiehd,yawhgieH,dnalveD,565
89.821.911.681,elaM,gro.sbp@nfnahcipd,nahciP,sirtemeD,465
842.24.151.53,elaM,moc.notsob@mfennavr,ennaV,oreigguR,365
651.23.711.48,elameF,em.tuoba@lftunsehct,tunsehC,aehT,265
82.412.542.361,rednegA,moc.ph@kfydolb,ydoL,ydnoB,165
021.24.822.98,elaM,moc.tuoba@jfyorfdogm,yorfdoG,nyvryM,065
932.721.252.232,elaM,moc.tnirpatsiv@ifemorejl,emoreJ,waL,955
18.841.52.641,elaM,gro.lapurd@hfrehsaki,rehsaK,yzzI,855
96.861.65.89,elameF,moc.vtm@gftnomidl,tnomiD,eillliL,755
78.381.791.57,elameF,moc.yddadog@ffemiarbg,emiarB,atteiluiG,655
971.74.05.63,elaM,moc.emansihteriuqca@efarieviloh,arievilO,dirfmuH,555
76.651.76.191,elameF,ed.nozama@dfrelegovc,relegoV,aneroC,455
681.63.131.171,elameF,zc.acohp@cfisiollac,isiollA,ardnuassaC,355
011.991.021.9,elaM,ur.xednay@bfsloobg,slooB,orapsaG,255
53.491.902.711,elaM,pj.golbxe@afnibbikcme,nibbiKcM,nosremE,155
42.712.61.411,elameF,ten.php@9felddapc,elddaP,enelhtaC,055
021.102.8.02,elaM,moc.acinhcetsra@8fkeorbnednavg,keorB ned naV,nedroG,945
712.661.45.56,elameF,ten.hvo@7fdleifrebahd,dleifrebaH,euqinimoD,845
252.14.122.57,yranib-noN,moc.elasaerahs@6fneveirrehr,neveirreH,kiR,745
24.86.002.05,elaM,moc.naciremacifitneics@5fdnalromtsewn,dnalromtseW,eippaN,645
551.53.561.01,elaM,moc.ylpitlum@4fnotruhp,notruH,notaP,545
111.66.73.802,elaM,moc.suqsid@3fzstregeism,zstregeiS,eidneM,445
31.96.79.232,elaM,moc.nus@2fmalabs,malaB,rodivlaS,345
031.961.311.031,elaM,moc.qci@1fltrebv,ltreB,eigriV,245
871.321.711.25,elaM,moc.buhved@0fsedrobc,sedroB,ydroC,145
671.932.932.421,elaM,ude.uyn@zerracse,rracS,ocirnE,045
321.38.702.522,elameF,ude.nnepu@yenihcllan,nihcllA,needaN,935
39.012.712.24,elameF,pj.en.ebolgib@xeevorgtocp,evorgtoC,ylloP,835
76.111.381.691,elameF,moc.cetnamys@wesopmacw,sopmaC,einniW,735
81.481.912.73,elaM,moc.obolg@venesnokahh,nesnokaH,htaeH,635
22.64.52.352,elaM,moc.srewsna@uerdalawdacg,rdalawdaC,yevraG,535
071.7.69.74,elaM,ude.cnu@tenothguomsc,nothguomS,eraC,435
031.05.91.932,elameF,moc.axela@senirellohb,nirelloH,attigriB,335
571.31.771.201,elameF,moc.gnefi@reittedenebl,ittedeneB,aniL,235
4.021.851.29,diulfredneG,moc.det@qeytraorgt,ytraorG,eillaT,135
532.471.33.51,elaM,ude.usp@peekiapcamm,ekiaPcaM,eiznekcaM,035
43.06.331.031,elaM,moc.bdmi@oeyeltihws,yeltihW,ittocS,925
671.022.1.28,elaM,pj.en.anetah@neoisalbd,oisalB,dnalveD,825
622.232.54.96,elameF,moc.yeknomyevrus@meediseromr,ediseroM,nnaeaR,725
91.68.722.171,rednegA,moc.obiew@lenamdalgr,namdalG,aehR,625
702.85.411.57,elaM,moc.eriwswenrp@keserrafb,serraF,tnarB,525
902.16.411.031,elameF,ac.cbc@jeremootl,remooT,itteL,425
851.231.981.581,elaM,moc.cbnc@ieetteyafalr,etteyafaL,ekroR,325
64.66.731.55,elaM,moc.uussi@hesemaerg,semaeR,vatsuG,225
0.321.161.922,elameF,moc.sniamodeguh@genossump,nossuM,adillihP,125
06.04.211.5,yranib-noN,moc.det@femahthgida,mahthgiD,aissatsenA,025
53.711.57.85,elaM,ude.ainigriv@eesttekb,stteK,nimajneB,915
61.112.542.951,elaM,moc.reggolb@deleses,lesE,hgielnatS,815
981.79.642.911,elameF,moc.gnix@ceiroiggamt,iroiggaM,ahtabaT,715
861.271.312.702,elameF,ude.notgnihsaw@beegdnihv,egdniH,aniV,615
261.471.121.78,elameF,gro.rpn@aeyangamp,yangaM,adillihP,515
902.08.381.552,elaM,moc.dapepyt@9eegdirettikf,egdirettiK,melF,415
432.411.422.002,elaM,moc.yeliw@8enamxalfa,namxalF,aojelA,315
16.79.08.86,elaM,gro.ecruosnepo@7eselsid,selsI,nilveD,215
24.52.042.82,elaM,moc.cbnc@6eraeest,raeeS,eicarT,115
53.612.941.86,elameF,nc.moc.anihc@5emadeds,madeD,ardnuaS,015
94.102.951.371,reeuqredneG,moc.aroaniv@4esnikciwa,snikciW,amlA,905
56.26.321.34,elameF,moc.tcatnoctnatsnoc@3eneztircc,neztirC,eirroC,805
31.901.811.022,elameF,vog.asan@2etneguna,tneguN,eerbuA,705
481.061.12.681,rednegyloP,moc.arepo@1ecivoktepr,civokteP,aniboR,605
602.442.881.581,diulfredneG,ku.oc.tnednepedni@0enikhsukramc,nikhsukraM,thgierC,505
92.501.181.871,elameF,moc.elbondnasenrab@zdlaropmete,laropmeT,neelE,405
322.99.121.611,elameF,moc.361@ydrarrefc,rarreF,atseralC,305
241.771.86.221,elameF,ua.gro.adua@xdepeeka,epeeK,annalA,205
031.202.89.161,elameF,gro.almooj@wdylbism,ylbiS,ellicraM,105
51.821.35.5,elameF,moc.yfitops@vdhcierlligcamd,hcierlliGcaM,eiramannoD,005
452.55.021.32,elameF,ude.nmu@udllorracoe,llorraC'O,eronlE,994
501.601.36.312,elaM,moc.retsbew-mairrem@tdremrodm,remroD,eidneM,894
61.212.202.532,elaM,moc.socyl@sdrekcillawr,rekcillaW,nagaeR,794
731.671.1.41,elameF,moc.rkcilf@rdoizopoce,oizopoC,ahcirE,694
72.881.21.932,rednegA,moc.puteem@qdnosirrocp,nosirroC,redeP,594
552.302.34.771,yranib-noN,ln.elgoog@pdyawaragj,yawaraG,reffineJ,494
271.64.59.151,elaM,gro.sbp@odreknitb,rekniT,ynraB,394
7.25.11.912,elameF,moc.ghi@ndnamsllamsr,namsllamS,ailasoR,294
731.71.351.202,elaM,gro.aidemikiw@mdynomitof,ynomiT 'O,gnidleiF,194
442.671.691.322,elameF,moc.yfitops@ldnehslabk,nehslaB,anirtaK,094
831.14.261.801,elameF,ku.oc.semiteht@kdybmorcrebab,ybmorcrebA,braB,984
911.37.63.042,elameF,ed.1dnu1@jddnyhb,dnyH,sirtieB,884
861.352.8.65,diulfredneG,ur.liam@idrosuabh,rosuaB,ydraH,784
732.971.231.132,elameF,mf.tsal@hdetiawhtsuha,etiawhtsuH,esilanA,684
8.06.971.81,elaM,ten.knabkcilc@gdilivhsalissabt,ilivhsalissaB,tiaT,584
622.81.102.421,elameF,moc.suoiciled@fdffittahb,ffittaH,ennahteB,484
76.391.202.442,elaM,pj.en.arukas@ednruobdahcm,nruobdahC,liahciM,384
052.431.722.802,elaM,moc.rlbmut@ddkcolrevlisz,kcolrevliS,eilloZ,284
44.642.821.581,elaM,moc.swencbn@cdnotgnirraha,notgnirraH,trA,184
32.412.79.042,elaM,moc.uussi@bdyeluaccms,yeluaCcM,nnamllitS,084
77.02.88.271,elaM,vog.susnec@aditteloapt,itteloaP,niamerT,974
702.141.21.5,elameF,moc.xobpord@9dnalamc,nalaM,nitsirhC,874
66.632.75.522,elameF,moc.golten@8dnottimg,nottiM,ynniG,774
38.931.221.51,elameF,moc.sbew@7dlliwrehsg,lliwrehS,ynniG,674
212.241.691.32,elaM,rf.eerf@6digorbmadf,igorbmA'D,nairolF,574
851.961.821.281,elameF,moc.rotagtsoh@5dgninnetsd,gninnetS,aroleD,474
761.041.191.122,elameF,nc.moc.anihc@4dnetnest,netneS,adurT,374
84.021.71.701,elameF,moc.hctap@3dwocd,woC,nairoD,274
142.132.711.78,elameF,ur.doran@2drepnuasc,repnuaS,enilloC,174
23.79.371.402,elaM,ude.usp@1dnamhsield,namhsieL,nnuD,074
471.691.352.671,elaM,moc.lapyap@0dhcinomisb,hcinomiS,ykreB,964
65.34.422.421,elameF,moc.liamdnaebolgeht@zcwahsliks,wahsliK,annahsohS,864
82.261.48.811,elameF,moc.yddadog@yctsruhlesahl,tsruhlesaH,silliL,764
252.53.142.33,elameF,su.kcahsegami@xcinibocaim,inibocaI,iggaM,664
991.48.422.67,elameF,ur.liam@wcllewkcotse,llewkcotS,eelymE,564
931.34.25.552,elameF,moc.uhos@vcselrobh,selroB,atteirneH,464
281.421.102.532,elaM,ua.vog.ycavirp@ucnattirbm,nattirB,sirroM,364
152.62.311.53,elameF,ed.nozama@tcrenoppacl,renoppaC,eeneL,264
241.122.431.281,elaM,gro.senihcamelpmis@schcnubb,hcnuB,rraB,164
091.15.052.56,elaM,moc.zocu@rcnoiniuqw,noiniuQ,niW,064
6.212.69.87,reeuqredneG,ti.elgoog@qcrehctirce,rehctirC,eineguE,954
461.411.171.951,elameF,moc.oemiv@pcirdepa,irdeP,aeruA,854
511.161.77.631,elaM,moc.ytfin@ocrehajt,rehaJ,treblaT,754
94.221.941.771,rednegA,vog.ape@nctfotnimp,tfotniM,enirreP,654
51.451.47.051,elaM,moc.swanozama@mcdraeba,draeB,yvlA,554
451.1.771.512,elaM,moc.dbircs@lcdrocr,droC,ogiredoR,454
78.122.13.431,elaM,moc.abn@kcfforgemf,fforgeM,tserroF,354
361.332.161.222,elameF,moc.slanruojzib@jchcoohedj,hcooH eD,aleoJ,254
041.8.55.612,elameF,moc.evitcellocograc@icsatibbagn,satibbaG,imaoN,154
352.422.16.212,elameF,moc.odomzig@hcgninnack,gninnaC,nirreK,054
771.322.35.322,elaM,moc.361@gcykcubk,ykcuB,silraK,944
051.722.222.45,rednegA,moc.notsob@fcdnarbd,dnarB,eilloD,844
96.832.98.79,elaM,zc.acohp@ecyelraecs,yelraeC,eralcniS,744
671.042.132.74,elameF,moc.retemetis@dcereihcrale,ereihcraL,eiddE,644
77.922.081.501,elameF,moc.bbphp@ccnosnitramn,nosnitraM,aktaN,544
39.76.412.77,elaM,lg.oog@bceniahoodof,eniahooD'O,yelraF,444
161.391.06.032,elameF,ten.knabkcilc@acllasnatsl,llasnatS,eivviL,344
442.75.731.561,elameF,pj.oc.netukar@9cedehtuohcsa,edehtuohcS,nyA,244
04.931.132.302,elameF,moc.tsactnauq@8cnoddarf,noddaR,aileneF,144
75.261.56.39,elaM,lim.ymra@7cnosyardr,nosyarD,kciR,044
632.8.271.161,elameF,moc.tiurfnoom@6cyelramq,yelraM,allitniuQ,934
642.71.0.002,elaM,vog.esuoh@5cnrobmaln,nrobmaL,liveN,834
27.68.412.15,elaM,moc.tekcubotohp@4cssorcm,ssorC,onitraM,734
621.252.522.321,elaM,moc.yddadog@3csppilihpb,sppilihP,martraB,634
72.75.431.11,elameF,pj.oc.keesofni@2ceniacb,eniaC,ennairB,534
721.76.231.91,elaM,moc.revan@1cnruobdoogo,nruobdooG,suivatcO,434
02.331.842.451,elameF,moc.semityn@0cllebals,llebaL,eivliS,334
331.832.281.821,elameF,moc.swenxof@zbrossercn,rosserC,imoaN,234
502.122.301.351,elaM,eb.utuoy@yberimdaerc,erimdaeR,eikcihC,134
451.751.542.21,elaM,moc.loa@xbhtyaht,htyaH,yenwoT,034
342.022.89.812,elameF,ku.oc.tnednepedni@wbreivisn,reiviS,eltteN,924
31.302.281.871,elaM,moc.reetsitra@vbnilhobn,nilhoB,leiN,824
971.4.102.17,elaM,ten.mublaj@ubmocknarg,mocknaR,rolyaG,724
551.732.722.602,elaM,moc.spmihcrebyc@tbyneherbb,yneherB,retxaB,624
701.811.15.232,elaM,moc.tratnaived@sbronezarbd,ronezarB,notslaD,524
41.46.552.711,elaM,ten.erahsedils@rbyecraepg,yecraeP,emearG,424
98.242.691.632,elameF,moc.ababila@qbekcirttemm,ekcirtteM,iggeM,324
691.361.121.74,elaM,ua.moc.elgoog@pbhcirettehr,hciretteH,nivuoR,224
31.9.37.171,elameF,moc.ulul@obymadace,ymadaC,anialE,124
742.912.991.421,elaM,gro.snommocevitaerc@nbthconragladc,thconraglaD,sehC,024
031.48.632.111,elameF,moc.smceded@mbnollafd,nollaF,anicleD,914
76.202.251.271,elaM,moc.odomzig@lbkcocmysb,kcocmyS,nerB,814
321.431.252.15,elameF,moc.retsbew-mairrem@kbilleruffatc,illeruffaT,byC,714
13.221.532.381,elameF,moc.suqsid@jbneihtyhpc,neihtyhP,enimrahC,614
571.47.741.532,elaM,moc.statsih@iberomtewsc,eromtewS,essirhC,514
841.41.04.261,elameF,ua.vog.ycavirp@hbrediencsa,rediencS,eilA,414
4.1.881.73,elaM,moc.jsw@gbreddorh,reddoR,yeslaH,314
46.32.521.39,elameF,ude.dravrah@fbgnidalgc,gnidalG,idroC,214
252.142.832.85,elameF,moc.reggolb@ebvopilifm,vopiliF,tegraM,114
611.621.352.411,elameF,moc.ynapmoctsaf@dbillenitrams,illenitraM,saeliS,014
221.3.442.001,elaM,moc.rehtaewucca@cblletromp,lletroM,lafisraP,904
95.731.501.502,elaM,vog.adf@bbreilletuobf,reilletuoB,dlaregztiF,804
912.371.961.191,elameF,pj.oc.nozama@abetwach,etwaC,ettelaH,704
55.42.822.04,elaM,vog.duh@9bssenkcelfa,ssenkcelF,rednaxelA,604
67.042.271.21,elameF,moc.tsactnauq@8besetrocc,esetroC,eeissiC,504
41.352.851.611,elameF,moc.xobpord@7bilotrabs,ilotraB,eeraS,404
551.241.912.55,elameF,ur.tenretnievil@6bttortm,ttorT,hanoM,304
151.922.63.81,elaM,moc.dopirt@5bgniggujr,gnigguJ,ikkiR,204
821.18.191.98,elaM,vog.spn@4bwoniburr,wonibuR,xeR,104
8.641.86.7,elaM,moc.ukuoy@3bnamtonb,namtoN,nimayneB,004
432.611.041.42,elameF,moc.ababila@2biccavocaih,iccavocaI,ynnaH,993
42.36.81.04,elaM,moc.ylbeew@1breggadw,reggaD,gnagfloW,893
36.15.821.02,elameF,gro.snommocevitaerc@0bselbond,selboN,aileroD,793
601.61.46.09,rednegyloP,ude.usm@zaevorgniwt,evorgniW,eikcuT,693
052.301.352.351,elaM,moc.retnuoctats@yagiakcamg,giaKcaM,renedraG,593
411.151.181.302,elameF,ude.anozira@xarekcilfg,rekcilF,elleirbaG,493
352.871.751.921,elameF,moc.ghi@wayrtgnalf,yrtgnaL,yknarF,393
181.9.321.37,elaM,em.tuoba@vahcivekstams,hcivekstaM,eleumaS,293
771.042.211.43,elameF,moc.yliadecneics@uahsramtlasc,hsramtlaS,ennairehC,193
502.641.12.84,elaM,ti.elgoog@tadraklofs,drakloF,eeS,093
05.38.742.85,elameF,moc.golb-revo@sallidsrettatd,llidsrettaT,airoleD,983
421.471.781.22,elaM,moc.eriwbs@raffafph,ffafP,llewraH,883
751.731.35.57,elameF,moc.elcaro@qarenrevk,renreV,ellaroK,783
12.642.58.632,elaM,moc.swencbn@paniamders,niamdeR,neitsabeS,683
371.441.921.532,elaM,ed.42thcer-e@oaerogergg,erogerG,laG,583
401.622.951.542,elaM,vt.maertsu@nanigercb,nigerC,eidorB,483
712.12.35.651,elaM,vog.amef@matdrahregg,tdrahreG,ffiG,383
551.091.131.381,reeuqredneG,vog.esuoh@lanewrehsm,newrehS,aleuqiM,283
18.34.232.942,rednegyloP,moc.dlrowcp@kahciddirp,hciddiR,oppiP,183
42.27.75.87,elaM,ude.notecnirp@jaeltsihwtrubh,eltsihwtruB,nilraH,083
49.942.23.641,elameF,moc.etals@ianarrafh,narraF,eilloH,973
681.36.91.471,elameF,vog.tod@hanodsliwc,nodsliW,nirC,873
001.07.1.12,elaM,moc.rotagtsoh@gayekcirtf,yekcirT,tserroF,773
431.85.17.18,elaM,moc.suoiciled@falleffutn,lleffuT,retseN,673
202.721.521.381,elameF,pj.ro.alalp@eaelygrae,elygrA,neelE,573
23.06.242.711,elaM,moc.zocu@daelahsz,elahS,kcaZ,473
27.38.64.021,rednegA,moc.notsob@cakciwllikm,kciwlliK,hacyM,373
801.59.511.142,elameF,ku.oc.enilnosemit@baininaffotg,ininaffoT,arvaG,273
632.801.381.1,elaM,moc.swanozama@aareveegcma,reveeGcM,yebhsA,173
35.65.9.481,elameF,ude.dscu@9aennotxah,ennotxA,dragadliH,073
92.741.611.841,elameF,vog.av@8aranlomd,ranloM,ibbeD,963
29.03.352.12,elaM,moc.letracgib@7amohte,mohT,drawdE,863
19.441.542.59,elaM,moc.buhved@6ahguabb,hguaB,noirB,763
0.35.87.211,elaM,moc.yeknomyevrus@5anamrecm,namreC,yddaM,663
68.531.15.09,elameF,ude.cuiu@4aguahk,guaH,eleiK,563
26.632.621.251,elaM,gro.sgolbude@3allagdaerta,llagdaerT,damhA,463
46.611.1.92,elameF,moc.ysgij@2aseiddacb,seiddaC,atkideneB,363
03.911.442.07,elameF,se.elgoog@1aaicnelavr,aicnelaV,alomoR,263
74.2.312.022,elaM,moc.hctawtekram@0anellotsd,nellotS,laD,163
45.041.441.032,elameF,moc.puteem@z9nippihce,nippihC,iddE,063
761.402.19.352,reeuqredneG,oi.buhtig@y9ewollefdoogh,ewollefdooG,llliwraH,953
15.68.732.361,elaM,moc.segapwolley@x9elegovq,elegoV,nalniuQ,853
79.512.181.442,elaM,moc.ynaotdda@w9nnerb,nneR,ykcorB,753
461.38.341.832,elameF,moc.gnefi@v9sreleeve,sreleeV,neelevE,653
69.102.911.291,elaM,moc.ogiid@u9iccannavoigf,iccannavoiG,ekileF,553
642.152.731.032,elameF,moc.hcnurchcet@t9yesiovc,yesioV,latsirC,453
78.94.651.36,elaM,moc.ylbeew@s9neddarbog,neddarB'O,drallaG,353
352.11.011.931,elaM,moc.gnin@r9noseergw,noseerG,sillaW,253
37.541.942.4,elaM,moc.obiew@q9remyew,remyE,nilyeW,153
2.241.622.512,elaM,moc.syadsuoiciled@p9wahsnamj,wahsnaM,oJ,053
871.961.891.26,elaM,vog.de@o9neslhens,neslheN,nraetS,943
402.711.021.37,elameF,moc.yste@n9llivasm,llivaS,elletraM,843
76.242.91.11,elaM,pj.golbxe@m9selaebl,selaeB,drannoL,743
8.421.57.932,elameF,mf.tsal@l9ydohamk,ydohaM,ennaireK,643
601.901.321.89,elaM,moc.pw@k9ararbacb,ararbaC,ekreB,543
371.48.881.86,elaM,ku.oc.tnednepedni@j9yarruksp,yarrukS,ecraeP,443
03.08.82.77,elaM,moc.elpmaxe@i9regnomnorih,regnomnorI,nuoraH,343
59.6.381.012,elameF,moc.gnix@h9sremmiwr,sremmiW,anilaR,243
23.552.66.08,elaM,moc.tsimonoce@g9sutraf,sutrA,ocsisnarF,143
252.911.811.01,elameF,ur.zocu@f9flesl,fleS,aneL,043
512.241.832.39,diulfredneG,pj.en.oog@e9sevartl,sevarT,sneruaL,933
17.032.532.21,elaM,moc.rotinomsc@d9ssirwotp,ssirwoT,ecreiP,833
24.05.231.45,rednegA,pj.oc.keesofni@c9lleddurg,lledduR,eidloG,733
002.152.64.201,elaM,moc.nideknil@b9llewdluocb,llewdluoC,nerB,633
352.121.29.832,rednegA,mf.tsal@a9irottafa,irottaF,enilemA,533
95.21.821.041,elameF,vog.hin@99dnaledows,dnaledoW,nilratS,433
001.58.821.0,elaM,moc.rehtaewucca@89nilhau,nilhA,kcirlU,333
51.501.432.142,elameF,vog.duh@79ocivoduls,ocivoduL,einahpetS,233
481.23.361.87,elameF,moc.nsm@69doogllah,doogllA,adluH,133
881.712.77.21,elameF,moc.retratskcik@59reswocm,reswoC,yraM,033
26.722.802.102,elaM,moc.spmihcrebyc@49inittoccicg,inittocciC,onadroiG,923
031.212.891.332,elameF,ude.notecnirp@39kcimmids,kcimmiD,einahpetS,823
17.6.44.381,elameF,moc.elcaro@29daepr,daeP,anilaR,723
48.711.341.56,elaM,moc.dnuorgrednuw@19reldel,reldE,weL,623
901.281.73.93,elaM,ten.lruf@09kcochtipj,kcochtiP,okcoJ,523
691.881.33.27,reeuqredneG,moc.emansihteriuqca@z8nottiugh,nottiuG,eneleH,423
302.152.99.912,elaM,moc.tsactnauq@y8revordm,revorD,duomhaM,323
681.13.902.511,elameF,moc.segapwolley@x8norraccmk,norraCcM,enirhtaK,223
541.04.051.032,elaM,moc.suoiciled@w8ttelsaa,ttelsA,nosrednA,123
541.512.951.37,elameF,vog.sgsu@v8hsoccmr,hsoCcM,dnumasoR,023
142.822.591.56,elameF,uv.ed@u8noppikst,noppikS,nnaireT,913
47.781.812.371,elaM,moc.loa@t8nilbmagk,nilbmaG,belaK,813
002.37.67.46,elameF,moc.elbondnasenrab@s8hcivelisoja,hcivelisoJ,nyllA,713
451.361.121.801,elaM,moc.elppa@r8tfarcybb,tfarcyB,eidnoB,613
771.951.451.702,elameF,moc.suqsid@q8warl,waR,eitteL,513
481.14.322.452,elameF,moc.setisevarb@p8yawalas,yawalA,aicatS,413
841.802.742.811,elameF,moc.yste@o8rrucss,rrucS,nasuiS,313
831.851.16.021,elameF,moc.kv@n8reikolc,reikoL,immaC,213
071.33.131.881,elaM,gro.ssorcder@m8gnisselpz,gnisselP,eirehcaZ,113
011.31.922.411,elameF,moc.ysgij@l8elrahr,elraH,ennahtuR,013
14.59.251.65,elaM,ude.sionilli@k8ybnatp,ybnaT,nneP,903
15.261.94.731,elameF,ten.ecnaheb@j8lanrak,lanrA,letsirK,803
97.85.66.4,elaM,moc.keewssenisub@i8ppusllaj,ppusllA,emoreJ,703
09.6.702.352,elameF,moc.letni@h8noselttekl,noseltteK,azneroL,603
581.83.052.331,elaM,oc.t@g8mohslofm,mohsloF,yM,503
54.141.491.2,elameF,moc.xobpord@f8namrahi,namraH,allI,403
68.581.301.502,elaM,moc.nnihps@e8epsircd,epsirC,etnaruD,303
431.9.912.45,elameF,ed.1dnu1@d8ysellepsj,ysellepS,afesoJ,203
41.742.02.131,elaM,moc.naciremacifitneics@c8htumsawg,htumsaW,nelaG,103
05.71.69.49,rednegyloP,moc.etagfs@b8toclob,toclO,hteB,003
081.501.611.201,reeuqredneG,moc.golb-revo@a8nesaaalkd,nesaaalK,lyraD,992
422.041.702.3,elameF,moc.nopuelbmuts@98renillahck,renillahC,yelrebmiK,892
091.581.091.93,elameF,vog.asu@88tforcnasv,tforcnaS,ykciV,792
05.632.421.13,rednegyloP,moc.renrubdeef@78notlbmudy,notlbmuD,tiduheY,692
542.632.321.62,elameF,moc.tsopnotgniffuh@68margnocn,margnoC,ikiN,592
67.021.112.88,elameF,ur.tenretnievil@58eobeerca,eobeerC,lebannA,492
731.591.142.152,elaM,pj.tsopnapaj@48oniamotw,oniamoT,nedroW,392
632.2.431.212,rednegyloP,yl.wo@38llivywc,llivyW,notnioC,292
37.291.381.542,reeuqredneG,moc.lanruojevil@28ttaiddylc,ttaiddyL,ydroC,192
352.942.81.44,elaM,moc.aikiw@18purdllihm,purdlliH,niwreM,092
031.942.671.302,elaM,gro.nu@08gnilhebf,gnilheB,knarF,982
48.061.161.39,elameF,moc.tendz@z7iracaml,iracaM,lleniL,882
861.531.421.05,elameF,moc.sretuer@y7nolneff,nolneF,rolF,782
781.311.281.201,elaM,ln.elgoog@x7ynnikd,ynniK,eivaD,682
17.29.881.732,elaM,cc.ynit@w7renkaelj,renkaeL,ynnhoJ,582
932.771.96.811,elaM,gro.nu@v7nihsinaviw,nihsinavI,nedraW,482
631.691.461.741,elaM,moc.dbircs@u7nilon,nilO,llieN,382
111.651.191.642,elaM,ur.ikinssalkondo@t7llebodg,lleboD,evatsuG,282
521.931.781.82,elaM,moc.retsbew-mairrem@s7sucwafh,sucwaF,yrraH,182
161.82.712.43,elaM,moc.redisnissenisub@r7rednilu,redniL,nosrU,082
13.971.941.342,elameF,moc.dbircs@q7neydafcmd,neydaFcM,ynneD,972
7.69.531.44,elameF,su.xt.etats@p7ylraccmb,ylraCcM,ettegdirB,872
091.781.012.332,rednegyloP,moc.tekcubotohp@o7egdirbsthginkd,egdirbsthginK,eneD,772
711.671.171.011,elaM,moc.lruynit@n7yttihws,yttihW,samueS,672
66.78.912.431,elaM,moc.eriwbs@m7werft,werF,orodoeT,572
33.641.811.621,elaM,lp.elgoog@l7htroffoga,htroffoG,sidlA,472
851.552.131.89,elaM,pj.en.noid@k7moldulv,molduL,valcaV,372
08.0.422.86,elaM,moc.sihtaij@j7yevrahc,yevraH,onaitsirhC,272
401.53.281.12,elaM,moc.oodiuqs@i7eodyfs,eodyF,sreyaS,172
961.891.001.761,elameF,moc.suqsid@h7yenialsm,yenialS,nilyraM,072
391.151.022.491,elaM,moc.pw@g7rotsepm,rotseP,eugatnoM,962
751.191.291.15,elaM,moc.yrevocsid@f7olleittamv,olleittaM,yenreV,862
502.27.681.24,elameF,gro.sbp@e7sacracg,sacraC,yarG,762
62.132.842.502,elaM,rf.elgoog@d7yadellahd,yadellaH,hcirteiD,662
75.601.432.032,elaM,vog.etanes@c7llerdnuamr,llerdnuaM,dnaloR,562
96.321.64.57,elaM,moc.tsoheulb@b7neydafcamp,neydaFcaM,yluaP,462
31.061.041.152,elameF,moc.edonbew@a7olleinaigw,olleinaiG,sdinaW,362
05.361.022.08,elameF,moc.2cf@97notfilcwerda,notfilC-werD,ixelA,262
831.152.95.951,elaM,pj.meguj@87maryhsw,maryhS,rubliW,162
8.311.531.05,elameF,moc.gamyn@77esuohkcudb,esuohkcuD,eniboB,062
412.321.081.702,elameF,su.xt.etats@67retsinnabl,retsinnaB,aronoeL,952
76.94.92.441,elaM,rb.moc.elgoog@57yelliencmb,yellieNcM,dlaB,852
642.231.002.901,elaM,vog.tod@47duawf,duaW,einnarF,752
211.812.032.78,elaM,em.tuoba@37enrefh,enreF,suremoH,652
1.25.74.951,elaM,pj.golbxe@27ttegdolba,ttegdolB,norebuA,552
281.951.72.46,elameF,moc.tsilknilb@17nalracb,nalraC,ettegdirB,452
021.342.111.09,elaM,nc.vog.naiebtiim@07doowyarbl,doowyarB,dnaL,352
602.6.411.75,elaM,gro.gnisitrevdakrowten@z6eniloracw,eniloraC,yelliW,252
022.831.502.601,elaM,moc.nozama@y6yalccmf,yalCcM,naibaF,152
69.091.071.39,elameF,moc.sdaerdoog@x6stenitramb,stenitraM,alleB,052
481.481.57.602,elameF,moc.secapsikiw@w6drofiagt,drofiaG,oj-irreT,942
35.012.051.202,elaM,moc.yabe@v6seveenh,seveeN,selucreH,842
022.47.85.611,elaM,moc.yawetagelbib@u6remarbs,remarB,dnomsigiS,742
51.79.391.661,elaM,ua.vog.wsn@t6rozeerfs,rozeerF,seryaS,642
571.602.27.771,elameF,moc.reetsitra@s6namlligj,namlliG,annailuJ,542
202.12.61.441,elaM,ude.nnepu@r6ttirrame,ttirraM,ddE,442
441.32.942.661,elameF,moc.tenc@q6sttubrewosv,sttubrewoS,acinoreV,342
49.661.252.45,elameF,oc.g@p6yrdnama,yrdnaM,ibbA,242
361.942.051.781,diulfredneG,nc.moc.elpoep@o6koorbatsep,koorbatsE,egaP,142
99.731.68.491,elaM,moc.dlrowcp@n6civejdrujdh,civejdrujD,tnuH,042
612.851.41.431,elameF,ed.enilno-t@m6nellewelle,nellewelL,tebasilE,932
53.622.36.72,elaM,moc.ubih@l6smahsusc,smahsuS,ynnoC,832
131.951.87.152,elaM,ten.knabkcilc@k6yecrodb,yecroD,kcidneB,732
441.291.712.86,elaM,moc.rugmi@j6asrijj,asriJ,miJ,632
14.51.981.891,diulfredneG,moc.yawetagelbib@i6sekluafe,sekluaF,bE,532
35.651.88.7,elaM,moc.oaboat@h6tegnimm,tegniM,remitroM,432
531.111.1.95,elameF,moc.ciptiwt@g6yhcaegcmm,yhcaeGcM,eikciM,332
612.191.8.35,rednegiB,hc.nimda@f6ellivueivalednoterbelr,ellivueiV aL eD noterB eL,asiR,232
671.342.77.92,elameF,vog.hin@e6fsdrahttogc,fs.drahttoG,eolhC,132
65.361.791.871,rednegiB,ude.umc@d6nikscms,nikScM,ettezuS,032
961.521.642.122,elameF,nc.063@c6yppugo,yppuG,ailedO,922
681.721.151.801,elameF,moc.ytfin@b6eidumg,eiduM,nilodnewG,822
532.681.352.47,elameF,ude.saxetu@a6renehctimj,renehctiM,acinneJ,722
412.78.352.12,elameF,moc.semitelttaes@96snosylj,snosyL,yloJ,622
65.71.7.44,elameF,moc.tegdagne@86seakj,seaK,avenaJ,522
36.641.281.38,elameF,ude.usm@76roliagb,roliaG,etteboB,422
252.36.101.19,elaM,ed.nozama@66yovedd,yoveD,kerreD,322
471.722.47.32,elaM,ku.oc.nozama@56dnalturc,dnaltuR,hgierC,222
302.41.601.78,elaM,moc.nolas@46htrowdoowf,htrowdooW,sirreF,122
1.052.942.521,elameF,moc.rosivdapirt@36tluac,tluA,nyliraC,022
57.222.081.122,elaM,moc.otohpkcotsi@26tnegiabe,tnegiaB,lrE,912
74.78.051.811,elameF,ude.umc@16lletsewc,lletseW,assiroC,812
991.061.631.632,elameF,moc.rotagtsoh@06yelsdikm,yelsdiK,yenolleM,712
14.051.301.232,elameF,nc.vedsed@z5ezooledm,ezooleD,aicraM,612
722.8.571.161,elaM,moc.mbi@y5enaha,enaH,sordnaxelA,512
621.75.43.971,elaM,moc.lacolsbc@x5trasyds,trasyD,relykS,412
252.311.301.171,elaM,moc.ecapserauqs@w5seratsa,seratS,treblA,312
061.861.071.19,elaM,nc.moc.elpoep@v5seirfz,seirF,ylloZ,212
722.611.491.35,rednegA,uv.ed@u5rehcabs,rehcaB,ainoS,112
521.801.95.302,yranib-noN,moc.puteem@t5egdirbeohsm,egdirbeohS,weihttaM,012
04.21.28.02,elaM,uv.ed@s5nosikligb,nosikliG,ecirB,902
91.15.302.912,elameF,ude.usm@r5tuorg,tuoR,leaG,802
77.37.68.502,elameF,moc.gamyn@q5noddilge,noddilG,amE,702
0.911.081.242,elameF,vog.ctf@p5ttesila,ttesiL,aihtnA,602
211.071.612.012,elaM,moc.letni@o5ttellut,ttellU,ddeT,502
01.63.501.531,rednegA,moc.aroaniv@n5notsillidj,notsilliD,nylcaJ,402
98.531.452.57,elameF,moc.duolcdnuos@m5ybsgnillohl,ybsgnilloH,teniL,302
92.821.32.441,elameF,moc.swanozama@l5yllehsucs,yllehsuC,aneleS,202
102.28.31.71,elameF,moc.itaronhcet@k5seripg,seriP,irolG,102
981.011.452.15,elameF,moc.reetsitra@j5lladneyr,lladneY,ixoR,002
74.31.811.232,elaM,nc.moc.anihc@i5maolss,maolS,sorvatS,991
55.731.422.231,elaM,moc.statsih@h5sriag,sriA,eidroG,891
44.97.58.442,elaM,gro.todhsals@g5oemott,oemoT,yelluT,791
332.1.022.39,elameF,tni.ohw@f5miej,miE,ahtiduJ,691
27.72.3.38,elaM,gro.sserpdrow@e5pilihpl,pilihP,namyL,591
35.16.522.001,elaM,ur.zocu@d5essobd,essoB,yelduD,491
141.551.6.96,elaM,moc.emit@c5gnilpmatc,gnilpmaT,enitnatsnoC,391
522.751.531.551,elameF,moc.yawetagelbib@b5pirtnama,pirtnaM,elegnA,291
351.14.502.61,elameF,vog.amef@a5nnihpk,nnihP,isleK,191
531.18.991.15,elameF,pj.i2i@95snimmircs,snimmirC,anereS,091
0.63.551.932,elaM,moc.hcnurchcet@85anaujasace,anaujasaC,doowllE,981
621.112.822.521,elaM,moc.sniamodeguh@75luofriafb,luofriaF,ecirB,881
951.77.621.37,elaM,vog.aaon@65htrihe,htriH,nosremE,781
8.802.502.801,rednegyloP,ten.knilhtrae@55verustnaya,verustnaY,yflA,681
971.29.071.85,elaM,ku.oc.enilnosemit@45nosretepd,nosreteP,ykuD,581
91.831.541.55,elameF,moc.ph@35ybg,yB,ylliG,481
611.531.152.802,elaM,moc.renrubdeef@25wahsluck,wahsluC,miK,381
022.902.041.202,elaM,oc.g@15htrowselomm,htrowseloM,naihtaM,281
331.62.2.12,elameF,moc.361@05lliwkcorb,lliwkcoR,ylreveB,181
691.36.11.322,elaM,moc.udiab@z4namtropy,namtroP,yeldraY,081
121.16.131.71,elameF,moc.sbeweerf@y4smmiwm,smmiW,inraM,971
26.421.83.81,elameF,moc.liamdnaebolgeht@x4neeuqlumg,neeuqluM,dnalraG,871
51.942.781.201,elaM,moc.ylbeew@w4esihm,esiH,njiraM,771
542.521.69.39,elaM,moc.arepo@v4llezzarh,llezzaR,praH,671
971.132.7.82,elaM,moc.ukuoy@u4tletrek,tletrE,notsgniK,571
931.412.53.401,elaM,oi.buhtig@t4idraccilh,idracciL,eeldaH,471
771.891.36.512,elaM,moc.rekroywen@s4niamrepc,niamreP,lledroC,371
441.04.711.99,reeuqredneG,moc.rehtaew@r4kcirujj,kciruJ,ennaoJ,271
152.442.25.091,elameF,moc.enivswen@q4lledarrabc,lledarraB,assirraC,171
121.791.212.002,elaM,moc.hctawtekram@p4niffitd,niffiT,nairoD,071
1.491.05.632,elameF,ude.is@o4tteggiwk,tteggiW,aytaK,961
042.432.31.761,elameF,moc.ffider@n4nirrapz,nirraP,ameluZ,861
33.74.411.201,elameF,moc.rosivdapirt@m4skcoclisa,skcocliS,atnaltA,761
17.94.17.82,elaM,moc.golten@l4ttihctirpn,ttihctirP,eiboN,661
94.621.32.18,elameF,moc.yfitops@k4dlonrayf,dlonraY,ardyaF,561
99.641.601.46,elameF,moc.tegdagne@j4ymaharvag,ymaharvA,ategroeG,461
76.832.03.481,elameF,moc.evitcellocograc@i4sreddamb,sreddaM,eirraB,361
461.022.77.732,elaM,ur.tenretnievil@h4ireittivazb,ireittivaZ,eiwoB,261
271.911.032.491,elameF,moc.odomzig@g4namsok,namsO,aludroK,161
681.351.72.002,elameF,moc.063ch@f4esuohkcerm,esuohkceR,itraM,061
941.742.871.3,elaM,ku.oc.elgoog@e4neipc,neiP,nehC,951
171.291.61.941,elameF,moc.golten@d4vomadar,vomadA,annaR,851
461.0.52.222,elaM,moc.tramlaw@c4tlahb,tlaH,tteltraB,751
042.44.052.45,elameF,moc.lrupee@b4eciacsr,eciacS,nylasoR,651
16.92.69.68,diulfredneG,moc.8861@a4yelhcirfl,yelhcirF,neruaL,551
93.661.202.721,elameF,pj.oc.nozama@94lirehtewb,lirehteW,ehcnalB,451
461.152.79.19,elaM,moc.elppa@84nworbnostawl,nworB-nostaW,orazaL,351
241.01.6.552,elameF,ku.oc.tnednepedni@74dnaltihwa,dnaltihW,ydnA,251
791.101.421.111,elaM,ti.ellaigenigap@64yenoroml,yenoroM,nodniL,151
522.1.001.831,elameF,gro.almooj@54yehtewd,yehteW,ennylaroD,051
521.732.202.802,elameF,ku.oc.yabe@44lleskan,lleskA,enidaN,941
801.79.521.421,elameF,moc.revan@34eebxorc,eebxoR,laroC,841
79.62.622.602,reeuqredneG,moc.ogogeidni@24remeeksl,remeekS,yroL,741
621.451.802.301,elaM,moc.tsopnotgnihsaw@14ylleirvags,ylleirvaG,drawetS,641
2.741.552.65,elaM,moc.semital@04yeltikl,yeltiK,eilseL,541
591.161.0.971,elaM,moc.margatsni@z3eertlihcos,eertlihcO,drofdnatS,441
211.341.18.74,elameF,moc.renrubdeef@y3eithguaa,eithguA,aeleruA,341
32.632.891.311,elameF,moc.itaronhcet@x3ttehcrubt,ttehcruB,eistooT,241
332.191.861.68,elaM,ku.oc.naidraug@w3ttegdirbr,ttegdirB,nadroiR,141
15.022.332.37,elaM,ude.elay@v3enyabrutb,enyabruT,yxaB,041
312.912.432.212,elameF,nc.moc.anihc@u3mahteebn,mahteeB,eilataN,931
941.721.502.531,elaM,moc.regnirps@t3martabl,martaB,ynnoL,831
822.09.21.651,elaM,moc.ytfin@s3tifraga,tifraG,nalA,731
83.361.64.611,elaM,vog.col@r3eeffatd,eeffaT,emaD,631
45.912.081.931,elaM,moc.dbircs@q3mattok,mattO,sotsirK,531
922.601.62.43,elaM,ua.moc.elgoog@p3nedaelbj,nedaelB,nailuJ,431
532.78.26.302,diulfredneG,moc.semital@o3eciovc,ecioV,araC,331
08.352.3.74,elaM,moc.elbahsam@n3nrubweng,nrubweN,eibbaG,231
85.37.151.322,rednegyloP,moc.gnusmas@m3repskarbk,repskarB,yelsniK,131
28.051.841.552,elameF,moc.cihpargoeglanoitan@l3enorrepp,enorreP,ainuteP,031
84.241.871.811,elaM,moc.gnix@k3daehnekcas,daehnekcA,droffatS,921
781.122.31.83,elameF,ude.llenroc@j3yrolfj,yrolF,etteiluJ,821
09.422.491.031,elaM,moc.znesmoc@i3eelremmusl,eelremmuS,yesdniL,721
651.13.87.751,elameF,moc.renimaxe@h3ektnebb,ektneB,atcideneB,621
691.74.44.651,elameF,ude.uyn@g3egdirbsthginka,egdirbsthginK,yrbuA,521
411.3.522.302,elaM,moc.otohpkcotsi@f3levolk,levoL,miraK,421
151.501.402.09,elaM,gro.bbb@e3tterevelb,ttereveL,elisaB,321
69.36.24.24,elameF,vog.cdc@d3lliwttag,lliwttA,enelyaG,221
711.08.581.312,elaM,moc.nivolgolb@c3suisalbe,suisalB,nivrE,121
79.851.14.611,diulfredneG,moc.notsob@b3ebmocralr,ebmocraL,edaeR,021
6.541.73.091,elaM,moc.renimaxe@a3draohsb,draohS,kriB,911
502.661.58.681,elaM,ur.doran@93trebligj,trebliG,suseJ,811
25.06.83.331,elameF,moc.moc@83gniltawa,gniltaW,notfA,711
522.732.82.94,elameF,moc.evitcellocograc@73yeltrikb,yeltriK,etteboB,611
502.891.542.391,elaM,se.elgoog@63tnoff,tnoF,tserroF,511
012.722.691.941,elameF,ua.moc.elgoog@53noegipa,noegiP,atilamA,411
742.65.05.352,elaM,moc.sgolb@43yelnikss,yelnikS,dirfgiS,311
781.502.152.421,elaM,moc.qq@33raksiwr,raksiW,flodnaR,211
491.691.521.812,elaM,moc.nolas@23drofsluah,drofsluA,dlaraH,111
12.812.441.281,elaM,moc.swensu@13revicamg,revIcaM,ydarG,011
112.271.171.981,elaM,moc.skrowffutswoh@03yrubsdnalb,yrubsdnaL,raB,901
242.32.232.681,elaM,ku.shn@z2oilgitsacg,oilgitsaC,otrebliG,801
341.1.53.471,elaM,moc.evil@y2kcinniderth,kcinniderT,trebeH,701
63.9.311.671,elameF,ku.oc.liamyliad@x2skrepr,skreP,aniboR,601
881.48.052.84,elaM,moc.tratnaived@w2reluhcsy,reluhcS,ogroY,501
931.961.632.26,elaM,gro.evihcra@v2kciwsrowa,kciwsroW,retsalA,401
171.261.721.831,elameF,gro.golrp@u2dleifnardc,dleifnarD,latnahC,301
76.94.441.742,yranib-noN,moc.emansihteriuqca@t2tnoflahca,tnoflahC,enelrA,201
29.21.442.74,elaM,moc.ogiid@s2htroshsurs,htroshsuR,eimmaS,101
98.691.661.46,elaM,moc.tseuqpam@r2tnomilliwj,tnomilliW,yeoJ,001
57.591.271.19,elaM,pj.en.arukas@q2eromdewg,.eromdeW,seliG,99
061.841.042.632,elaM,moc.sebivten@p2nettirgg,nettirG,traddoG,89
321.561.931.21,elameF,lp.emoh@o2llensihcc,llensihC,anelrahC,79
132.68.04.42,elaM,uv.ed@n2enrawesorr,enrawesoR,renyaR,69
342.832.61.84,elaM,vog.av@m2egdirrusf,egdirruS,melF,59
87.161.401.511,elameF,pj.en.nco@l2nrobadm,nrobaD,ylliM,49
431.88.1.04,elameF,moc.kv@k2eihtaccmt,eihtaCcM,inahpiT,39
321.861.97.921,elameF,moc.ulul@j2enraeherta,enraeherT,nyA,29
902.03.25.84,elameF,gro.senihcamelpmis@i2laervepc,laerveP,eillaC,19
451.49.581.911,elaM,moc.reggolb@h2kehcsardnowa,kehcsardnoW,onalA,09
722.741.94.052,diulfredneG,pj.en.nco@g2tegorj,tegoR,eiffeJ,98
781.911.12.452,diulfredneG,nc.vedsed@f2retseudl,retseuD,eseeL,88
011.5.55.91,elameF,ur.etkatnokv@e2notspub,notspU,etidneB,78
071.452.012.821,elaM,moc.semityn@d2evolaesc,evolaeS,kralC,68
101.29.421.281,elameF,moc.uussi@c2semooga,semooG,esellanA,58
641.34.481.25,elameF,pj.oc.elgoog@b2niahth,niahT,ytteH,48
36.67.012.931,elaM,rf.eerf@a2atrabg,atraB,eraG,38
8.721.391.58,elameF,moc.nsm@92wahsnerallop,wahsnerallO,adillihP,28
211.521.502.481,rednegA,moc.ksa@82renillikc,renilliK,noraC,18
191.03.26.542,elameF,su.oici@72yezamg,yezaM,leterG,08
371.342.34.651,elameF,lim.ymra@62sdeews,sdeeW,eidnahS,97
101.07.421.05,elameF,moc.uogos@52ttobarrach,ttobarraC,adniH,87
712.95.861.66,elameF,moc.tenauhnix@42ecnalyrc,ecnalyR,ellebaralC,77
601.06.951.601,elameF,ten.8a@32mahnidebo,mahnideB,ailehpO,67
101.21.881.251,rednegiB,moc.axela@22retsinnaba,retsinnaB,artsA,57
601.191.161.542,elameF,moc.etals@12ihcsevl,ihcseV,yviL,47
72.402.622.461,elaM,moc.retratskcik@02snoinoc,snoiN'O,eibboC,37
17.721.211.152,elaM,moc.evil@z1uaemegs,uaemeG,niavliS,27
922.471.3.47,elaM,vog.cdc@y1tabare,tabaR,yrellE,17
741.581.142.48,elameF,moc.oohay@x1nostaebe,nostaeB,aneriE,07
021.831.44.55,elameF,moc.sserpefac@w1kcisyhpk,kcisyhP,aliaK,96
641.132.201.552,elameF,gro.golrp@v1mahpocsn,mahpocS,ailevoN,86
251.761.441.04,elaM,moc.avaj@u1arehso,arehS,setO,76
46.54.07.791,elaM,ude.csiw@t1edacruofr,edacruoF,floduR,66
521.89.201.341,elameF,moc.etirbtneve@s1kyzconotnaj,kyzconotnA,neeloJ,56
302.071.36.702,diulfredneG,moc.rehtaew@r1elamtracl,elamtraC,oirahtoL,46
302.822.431.54,elaM,moc.elppa@q1rellubl,relluB,surazaL,36
92.302.91.01,elaM,moc.kcoryks@p1eeltikb,eeltiK,eijneB,26
06.57.451.66,elaM,moc.og@o1noddylk,noddyL,enaeK,16
461.34.54.67,elaM,moc.reetsitra@n1ilerreff,ilerreF,renkluaF,06
92.231.241.19,elameF,moc.cinilcoyam@m1yssennihpm,yssennihP,ecitryM,95
57.761.59.371,elameF,moc.siaple@l1wolbmem,wolbmE,enelraM,85
9.32.44.47,elaM,moc.ocsic@k1ehtabasy,ehtabaS,amuY,75
221.142.231.951,elameF,moc.letni@j1tforcdnasc,tforcdnaS,enileC,65
401.34.771.661,elameF,moc.renimaxe@i1egdiralcs,egdiralC,ttelracS,55
1.591.15.05,elameF,moc.slanruojzib@h1ansamalz,ansamaL,anazuZ,45
101.69.201.411,elameF,moc.dlrowcp@g1llivacm,llivaC,ahsraM,35
152.221.721.842,elameF,ua.vog.ycavirp@f1sibbar,sibbA,aileafaR,25
82.621.681.39,elaM,moc.ogiid@e1rewehenotst,rewehenotS,amohT,15
07.791.51.18,rednegA,moc.lacolsbc@d1yrta,yrT,yedA,05
57.331.711.5,rednegyloP,vog.spn@c1dralohcsg,dralohcS,onadroiG,94
85.252.471.242,rednegA,moc.buhtig@b1nziors,nzioR,salsinatS,84
221.82.29.44,elaM,ua.vog.ciao@a1nospilcc,nospilC,lledualC,74
601.821.931.241,elaM,moc.tseuqpam@91ybotxoc,ybotxO,eiddahC,64
811.38.431.111,elameF,gro.aidemikiw@81ocsinidd,ocsiN iD,euqinimoD,54
43.561.621.35,elameF,moc.elpmaxe@71namdetc,namdeT,iraC,44
951.4.821.301,elameF,moc.swensbc@61ikswokldojb,ikswokldoJ,ynneB,34
0.412.651.342,elameF,moc.dmbew@51skluofa,skluoF,alegnA,24
402.121.212.331,elameF,moc.gnikoob@41nahguame,nahguaM,neelavE,14
63.25.102.381,elaM,moc.rekroywen@31egdirnekiarbc,egdirnekiarB,oliriC,04
31.99.891.561,elaM,moc.nivolgolb@21namwosc,namwoS,suidualC,93
822.89.1.891,elameF,pj.en.ebolgib@11retavc,retaV,aitseleC,83
3.111.03.44,elameF,moc.sretuer@01reywobm,reywoB,htebyraM,73
23.361.991.371,elameF,ude.sionilli@ztodanreba,todanreB,atrebuA,63
41.102.612.38,elameF,ku.oc.liamyliad@ykoorbhsalk,koorbhsaL,anniK,53
902.74.432.87,elaM,moc.otohpkcotsi@xllimmegi,llimmeG,naI,43
801.971.411.05,elaM,moc.lqsym@wpollocd,polloC,llenraD,33
63.48.061.931,elameF,moc.rlbmut@vyettiwtg,yettiwT,aigroeG,23
18.48.41.442,elaM,moc.qci@umaharbliwa,maharbliW,ordnasselA,13
421.441.902.29,elameF,ed.nozama@tovlaznogl,ovlaznoG,eiruaL,03
35.99.412.042,elaM,ti.elgoog@sedalgcme,edalGcM,kcirE,92
312.731.7.311,elaM,moc.allizom@rsugnimv,sugniM,ecniV,82
27.491.23.152,elameF,moc.tseretnip@qnnahsp,nnahS,ebeohP,72
23.151.142.12,elaM,vog.duh@ptelopg,teloP,nuG,62
611.1.052.95,elameF,moc.elgoog@onikcahc,nikcaH,enniroC,52
93.92.0.57,elameF,moc.eriwbs@nenardelc,enardeL,enelrahC,42
452.56.111.161,elameF,eb.utuoy@mnaveekom,naveeK'O,atileugiM,32
33.64.121.95,elameF,vog.ac@lyeldnyhd,yeldnyH,erdreeD,22
081.29.13.27,elaM,oc.t@knnamzlobk,nnamzloB,yelleK,12
03.101.002.191,elameF,moc.gnin@jsiorbmag,siorbmA,atnicaiG,02
801.561.7.841,elaM,ude.llenroc@ignikcohd,gnikcoH,veD,91
411.111.452.98,elaM,moc.evitcellocograc@hsereilomerta,sereilomerT,smadA,81
81.821.821.15,elameF,moc.yadotasu@gskrapc,skraP,ytirahC,71
26.12.83.481,elameF,vog.col@fsletrabe,sletraB,atsE,61
931.581.53.601,reeuqredneG,moc.deefdneirf@eysrami,ysraM,erodasI,51
342.79.102.02,elameF,moc.yfirots@dwahslabs,wahslaB,arbaS,41
99.352.442.17,elameF,moc.enivswen@cyesrunl,yesruN,iraL,31
14.84.89.722,elameF,moc.renrubdeef@bkcabc,kcaB,libyC,21
802.03.441.302,elaM,gro.todhsals@akaloproka,kaloproK,marvA,11
04.85.661.02,elaM,moc.norhc@9ffelwalg,ffelwaL,leirbaG,01
251.811.342.73,elameF,vog.col@8doowtah,doowtA,yelraH,9
3.8.352.7,elameF,moc.edonbew@7zerojr,zeroJ,adoR,8
761.432.2.342,rednegA,moc.swensu@6eiznekz,eizneK,adleZ,7
38.012.52.141,elaM,moc.statsih@5retsigort,retsigoR,diobioT,6
63.341.171.111,elaM,moc.etagfs@4tforcnetslowm,tforcnetsloW,etnoM,5
53.83.902.85,elameF,moc.pmacdnab@3yelkcamr,yelkcaM,ailasoR,4
48.001.522.46,elaM,moc.golten@2edirwa,edi